ContactName,City,Country,Transaction_Amount
Paula Parente,Resende,Brazil,790
Sergio Gutiérrez,Buenos Aires,Argentina,308
Thomas Hardy,London,UK,607
Patricio Simpson,Buenos Aires,Argentina,923
Yvonne Moncada,Buenos Aires,Argentina,950
Roland Mendel,Graz,Austria,356
Georg Pipps,Salzburg,Austria,663
Pascale Cartrain,Charleroi,Belgium,412
Catherine Dewey,Bruxelles,Belgium,953
Patricio Simpson,Buenos Aires,Argentina,923
Pirkko Koskitalo,Oulu,Finland,800
Felipe Izquierdo,I. de Margarita,Venezuela,761
Lúcia Carvalho,São Paulo,Brazil,140
Bernardo Batista,Rio de Janeiro,Brazil,313
Janete Limeira,Rio de Janeiro,Brazil,340
Aria Cruz,São Paulo,Brazil,357
André Fonseca,Campinas,Brazil,760
Paula Parente,Resende,Brazil,790
Mario Pontes,Rio de Janeiro,Brazil,816
Anabela Domingues,São Paulo,Brazil,860
Pedro Afonso,São Paulo,Brazil,971
Yoshi Tannamuri,Vancouver,Canada,303
Elizabeth Lincoln,Tsawassen,Canada,481
Jean Fresnière,Montréal,Canada,707
Palle Ibsen,Århus,Denmark,450
Jytte Petersen,København,Denmark,844
Matti Karttunen,Helsinki,Finland,300
Pirkko Koskitalo,Oulu,Finland,800
Paul Henriot,Reims,France,160
Carine Schmitt,Nantes,France,221
Frédérique Citeaux,Strasbourg,France,230
Martine Rancé,Lille,France,288
Laurence Lebihans,Marseille,France,596
Marie Bertrand,Paris,France,712
Daniel Tonini,Versailles,France,745
Dominique Perrier,Paris,France,838
Janine Labrune,Nantes,France,848
Annette Roulet,Toulouse,France,911
Mary Saveley,Lyon,France,942
Maria Anders,Berlin,Germany,118
Philip Cramer,Brandenburg,Germany,163
Rita Müller,Stuttgart,Germany,219
Hanna Moos,Mannheim,Germany,220
Horst Kloss,Cunewalde,Germany,348
Henriette Pfalzheim,Köln,Germany,648
Alexander Feuer,Leipzig,Germany,748
Peter Franken,München,Germany,810
Sven Ottlieb,Aachen,Germany,816
Karin Josephs,Münster,Germany,823
Renate Messner,Frankfurt a.M.,Germany,901
Patricia McKenna,Cork,Ireland,948
Paolo Accorti,Torino,Italy,105
Giovanni Rovelli,Bergamo,Italy,510
Maurizio Moroni,Reggio Emilia,Italy,528
Guillermo Fernández,México D.F.,Mexico,227
Antonio Moreno,México D.F.,Mexico,231
Miguel Angel Paolino,México D.F.,Mexico,470
Ana Trujillo,México D.F.,Mexico,597
Francisco Chang,México D.F.,Mexico,900
Jonas Bergulfsen,Stavern,Norway,150
Zbyszek,Walla,Poland,519
Isabel de Castro,Lisboa,Portugal,529
Lino Rodriguez,Lisboa,Portugal,764
Diego Roel,Madrid,Spain,257
Martín Sommer,Madrid,Spain,406
Alejandra Camino,Madrid,Spain,449
Eduardo Saavedra,Barcelona,Spain,654
José Pedro Freyre,Sevilla,Spain,816
Maria Larsson,Bräcke,Sweden,176
Christina Berglund,Luleå,Sweden,509
Yang Wang,Bern,Switzerland,213
Michael Holz,Genève,Switzerland,514
Ann Devon,London,UK,234
Victoria Ashworth,London,UK,343
Simon Crowther,London,UK,425
Thomas Hardy,London,UK,607
Helen Bennett,Cowes,UK,625
Elizabeth Brown,London,UK,691
Hari Kumar,London,UK,716
John Steel,Walla Walla,USA,252
Patricio Simpson,Buenos Aires,Argentina,923
Yoshi Latimer,Elgin,USA,307
Jaime Yorres,San Francisco,USA,417
Art Braunschweiger,Lander,USA,423
Howard Snyder,Eugene,USA,428
Rene Phillips,Anchorage,USA,450
Liu Wong,Butte,USA,596
Fran Wilson,Portland,USA,651
Helvetius Nagy,Kirkland,USA,658
Paula Wilson,Albuquerque,USA,662
Liz Nixon,Portland,USA,736
Karl Jablonski,Seattle,USA,948
Jose Pavarotti,Boise,USA,971
Carlos González,Barquisimeto,Venezuela,181
Manuel Pereira,Caracas,Venezuela,679
Felipe Izquierdo,I. de Margarita,Venezuela,761
Carlos Hernández,San Cristóbal,Venezuela,957
André Fonseca,Campinas,Brazil,760
Helvetius Nagy,Kirkland,USA,658
